{
  "focus": {
    "position": [
      0.38655894794275164,
      -8.934428118121469,
      0.45613605369684584
    ],
    "direction": [
      -0.10048104741668114,
      -0.032879064055617455,
      -0.0033223613115632906,
      0.9943900111450449
    ],
    "size": 4.646018619283513
  },
  "nodeFlags": {}
}